<?xml version="1.0" encoding="UTF-8"?>
<project-private xmlns="http://www.netbeans.org/ns/project-private/1">
    <editor-bookmarks xmlns="http://www.netbeans.org/ns/editor-bookmarks/2" lastBookmarkId="0"/>
    <open-files xmlns="http://www.netbeans.org/ns/projectui-open-files/2">
        <group>
            <file>file:/D:/SEMESTER_2/PRO192/LABS/PRO192%20-%20JAVA%20core/myPE_FALL_23/FE_FALL_23/src/view/Menu.java</file>
            <file>file:/D:/SEMESTER_2/PRO192/LABS/PRO192%20-%20JAVA%20core/myPE_FALL_23/FE_FALL_23/src/model/Customer.java</file>
            <file>file:/D:/SEMESTER_2/PRO192/LABS/PRO192%20-%20JAVA%20core/myPE_FALL_23/FE_FALL_23/src/model/Company.java</file>
            <file>file:/D:/SEMESTER_2/PRO192/LABS/PRO192%20-%20JAVA%20core/myPE_FALL_23/FE_FALL_23/src/model/Validation.java</file>
            <file>file:/D:/SEMESTER_2/PRO192/LABS/PRO192%20-%20JAVA%20core/myPE_FALL_23/FE_FALL_23/src/controller/CompanyManagement.java</file>
        </group>
    </open-files>
</project-private>
