<?xml version="1.0" encoding="UTF-8"?>
<project-private xmlns="http://www.netbeans.org/ns/project-private/1">
    <editor-bookmarks xmlns="http://www.netbeans.org/ns/editor-bookmarks/2" lastBookmarkId="0"/>
    <open-files xmlns="http://www.netbeans.org/ns/projectui-open-files/2">
        <group>
            <file>file:/D:/SEMESTER_2/PRO192/LABS/Lab2/LAB2/test/testmain/Testing.java</file>
            <file>file:/D:/SEMESTER_2/PRO192/LABS/Lab2/LAB2/src/lab2/Person.java</file>
            <file>file:/D:/SEMESTER_2/PRO192/LABS/Lab2/LAB2/src/lab2/Test.java</file>
        </group>
    </open-files>
</project-private>
